{"cameraMode":{"drawMode":0,"name":"Shaded","section":"Shading Mode"},"sceneLighting":false,"audioPlay":false,"sceneViewState":{"m_AlwaysRefresh":false,"showFog":true,"showSkybox":false,"showFlares":true,"showImageEffects":true,"showParticleSystems":true,"showVisualEffectGraphs":true,"m_FxEnabled":true},"in2DMode":false,"pivot":{"x":-0.12139225006103516,"y":0.043927669525146487,"z":-0.10034036636352539},"rotation":{"x":0.16156136989593507,"y":0.2275180071592331,"z":-0.03831600397825241,"w":0.9595444202423096},"size":4.2639546394348148,"orthographic":false}